<?xml version="1.0"?>

<!DOCTYPE MODE SYSTEM "xmode.dtd">

<!-- PCGen LST file mode by Ivan A. Finzen IV-->
<MODE>
    <PROPS>
        <PROPERTY NAME="lineComment" VALUE="#" />
    </PROPS>

    <RULES IGNORE_CASE="FALSE" HIGHLIGHT_DIGITS="TRUE">
    	<EOL_SPAN TYPE="COMMENT1">#</EOL_SPAN>
        <KEYWORDS>
		<!-- This includes all keywords for LST files. -->
		<KEYWORD1>ABB</KEYWORD1>
		<KEYWORD1>ACCHECK</KEYWORD1>
		<KEYWORD1>ACHECK</KEYWORD1>
		<KEYWORD1>ADD</KEYWORD1>
		<KEYWORD1>ADDSPELLLEVEL</KEYWORD1>
		<KEYWORD1>AGEDIEROLL</KEYWORD1>
		<KEYWORD1>AGESET</KEYWORD1>
		<KEYWORD1>ALIGN</KEYWORD1>
		<KEYWORD1>ALTCRITICAL</KEYWORD1>
		<KEYWORD1>ALTDAMAGE</KEYWORD1>
		<KEYWORD1>ALTTYPE</KEYWORD1>
		<KEYWORD1>ARMORPROF</KEYWORD1>
		<KEYWORD1>ASSIGNTOALL</KEYWORD1>
		<KEYWORD1>ATTACKS</KEYWORD1>
		<KEYWORD1>AUTO</KEYWORD1>
		<KEYWORD1>BASE</KEYWORD1>
		<KEYWORD1>BASEAGE</KEYWORD1>
		<KEYWORD1>BASEAGEADD</KEYWORD1>
		<KEYWORD1>BASEHT</KEYWORD1>
		<KEYWORD1>BASEITEM</KEYWORD1>
		<KEYWORD1>BASEQTY</KEYWORD1>
		<KEYWORD1>BASEWT</KEYWORD1>
		<KEYWORD1>BONUS</KEYWORD1>
		<KEYWORD1>CAST</KEYWORD1>
		<KEYWORD1>CASTAS</KEYWORD1>
		<KEYWORD1>CASTTIME</KEYWORD1>
		<KEYWORD1>CCSKILL</KEYWORD1>
		<KEYWORD1>CHANGEPROF</KEYWORD1>
		<KEYWORD1>CHECKS</KEYWORD1>
		<KEYWORD1>CHOICE</KEYWORD1>
		<KEYWORD1>CL</KEYWORD1>
		<KEYWORD1>CLASS</KEYWORD1>
		<KEYWORD1>CLASSES</KEYWORD1>
		<KEYWORD1>COMPS</KEYWORD1>
		<KEYWORD1>CONTAINS</KEYWORD1>
		<KEYWORD1>COST</KEYWORD1>
		<KEYWORD1>COUNT</KEYWORD1>
		<KEYWORD1>CR</KEYWORD1>
		<KEYWORD1>CRITMULT</KEYWORD1>
		<KEYWORD1>CRITRANGE</KEYWORD1>
		<KEYWORD1>CRITRANGEDOUBLE</KEYWORD1>
		<KEYWORD1>CSKILL</KEYWORD1>
		<KEYWORD1>CURRENTMAX</KEYWORD1>
		<KEYWORD1>DAMAGE-SHORTRANGE</KEYWORD1>
		<KEYWORD1>DAMAGE</KEYWORD1>
		<KEYWORD1>DC</KEYWORD1>
		<KEYWORD1>DEFINE</KEYWORD1>
		<KEYWORD1>DEITYWEAP</KEYWORD1>
		<KEYWORD1>DEITYWEAPON</KEYWORD1>
		<KEYWORD1>DESC</KEYWORD1>
		<KEYWORD1>DESCISPI</KEYWORD1>
		<KEYWORD1>DESCRIPTOR</KEYWORD1>
		<KEYWORD1>DOMAIN</KEYWORD1>
		<KEYWORD1>DOMAINS</KEYWORD1>
		<KEYWORD1>DR</KEYWORD1>
		<KEYWORD1>DURATION</KEYWORD1>
		<KEYWORD1>EQMOD</KEYWORD1>
		<KEYWORD1>EQUIPBUY</KEYWORD1>
		<KEYWORD1>EQUIPSELL</KEYWORD1>
		<KEYWORD1>EXCLASS</KEYWORD1>
		<KEYWORD1>EXCLUSIVE</KEYWORD1>
		<KEYWORD1>EYES</KEYWORD1>
		<KEYWORD1>FAVCLASS</KEYWORD1>
		<KEYWORD1>FAVOREDCLASS</KEYWORD1>
		<KEYWORD1>FEAT</KEYWORD1>
		<KEYWORD1>FEATAUTO</KEYWORD1>
		<KEYWORD1>FEATBONUS</KEYWORD1>
		<KEYWORD1>FEATNAME</KEYWORD1>
		<KEYWORD1>FOLLOWER</KEYWORD1>
		<KEYWORD1>FOLLOWERALIGN</KEYWORD1>
		<KEYWORD1>GEAR</KEYWORD1>
		<KEYWORD1>HAIR</KEYWORD1>
		<KEYWORD1>HANDS</KEYWORD1>
		<KEYWORD1>HASSUBCLASS</KEYWORD1>
		<KEYWORD1>HD</KEYWORD1>
		<KEYWORD1>HITDICE</KEYWORD1>
		<KEYWORD1>HITDICEADVANCEMENT</KEYWORD1>
		<KEYWORD1>HITDIE</KEYWORD1>
		<KEYWORD1>HP</KEYWORD1>
		<KEYWORD1>HTDIEROLL</KEYWORD1>
		<KEYWORD1>IGNORES</KEYWORD1>
		<KEYWORD1>INITIATIVE</KEYWORD1>
		<KEYWORD1>ITEM</KEYWORD1>
		<KEYWORD1>ITEMCREATE</KEYWORD1>
		<KEYWORD1>ITYPE</KEYWORD1>
		<KEYWORD1>KEY</KEYWORD1>
		<KEYWORD1>KEYSTAT</KEYWORD1>
		<KEYWORD1>KNOWN</KEYWORD1>
		<KEYWORD1>KNOWNSPELLS</KEYWORD1>
		<KEYWORD1>KNOWNSPELLSFROMSPECIALTY</KEYWORD1>
		<KEYWORD1>LANGAUTO</KEYWORD1>
		<KEYWORD1>LANGBONUS</KEYWORD1>
		<KEYWORD1>LEGS</KEYWORD1>
		<KEYWORD1>LEVEL</KEYWORD1>
		<KEYWORD1>LEVELADJUSTMENT</KEYWORD1>
		<KEYWORD1>LEVELSPERFEAT</KEYWORD1>
		<KEYWORD1>MARTIAL</KEYWORD1>
		<KEYWORD1>MASTERBONUSRACE</KEYWORD1>
		<KEYWORD1>MAXAGE</KEYWORD1>
		<KEYWORD1>MAXDEX</KEYWORD1>
		<KEYWORD1>MAXLEVEL</KEYWORD1>
		<KEYWORD1>MEMORIZE</KEYWORD1>
		<KEYWORD1>MFEAT</KEYWORD1>
		<KEYWORD1>MODS</KEYWORD1>
		<KEYWORD1>MODTOSKILLS</KEYWORD1>
		<KEYWORD1>MONCSKILL</KEYWORD1>
		<KEYWORD1>MONSTERCLASS</KEYWORD1>
		<KEYWORD1>MOVE</KEYWORD1>
		<KEYWORD1>MOVECLONE</KEYWORD1>
		<KEYWORD1>MULT</KEYWORD1>
		<KEYWORD1>NAME</KEYWORD1>
		<KEYWORD1>NAMEISPI</KEYWORD1>
		<KEYWORD1>NAMEOPT</KEYWORD1>
		<KEYWORD1>NATURALATTACKS</KEYWORD1>
		<KEYWORD1>OUTPUTNAME</KEYWORD1>
		<KEYWORD1>PANTHEON</KEYWORD1>
		<KEYWORD1>PLUS</KEYWORD1>
		<KEYWORD1>PREALIGN</KEYWORD1>
		<KEYWORD1>PREAPPLY</KEYWORD1>
		<KEYWORD1>PREARMORPROF</KEYWORD1>
		<KEYWORD1>PREATT</KEYWORD1>
		<KEYWORD1>PRECLASS</KEYWORD1>
		<KEYWORD1>PREDEFAULTMONSTER</KEYWORD1>
		<KEYWORD1>PREDEITY</KEYWORD1>
		<KEYWORD1>PREDOMAIN</KEYWORD1>
		<KEYWORD1>PREFEAT</KEYWORD1>
		<KEYWORD1>PREGENDER</KEYWORD1>
		<KEYWORD1>PREHANDSEQ</KEYWORD1>
		<KEYWORD1>PREHANDSGT</KEYWORD1>
		<KEYWORD1>PREITEM</KEYWORD1>
		<KEYWORD1>PRELANG</KEYWORD1>
		<KEYWORD1>PRELEVEL</KEYWORD1>
		<KEYWORD1>PRELEVELMAX</KEYWORD1>
		<KEYWORD1>PREMOVE</KEYWORD1>
		<KEYWORD1>PREMULT</KEYWORD1>
		<KEYWORD1>PRERACE</KEYWORD1>
		<KEYWORD1>PRERACETYPE</KEYWORD1>
		<KEYWORD1>PREREGION</KEYWORD1>
		<KEYWORD1>PRESA</KEYWORD1>
		<KEYWORD1>PRESKILL</KEYWORD1>
		<KEYWORD1>PRESPELL</KEYWORD1>
		<KEYWORD1>PRESPELLBOOK</KEYWORD1>
		<KEYWORD1>PRESPELLCAST</KEYWORD1>
		<KEYWORD1>PRESPELLTYPE</KEYWORD1>
		<KEYWORD1>PRESTAT</KEYWORD1>
		<KEYWORD1>PRETEMPLATE</KEYWORD1>
		<KEYWORD1>PRETEXT</KEYWORD1>
		<KEYWORD1>PRETYPE</KEYWORD1>
		<KEYWORD1>PREVARGT</KEYWORD1>
		<KEYWORD1>PREVARGTEQ</KEYWORD1>
		<KEYWORD1>PREVARLT</KEYWORD1>
		<KEYWORD1>PREVARLTEQ</KEYWORD1>
		<KEYWORD1>PREWEAPONPROF</KEYWORD1>
		<KEYWORD1>PROF</KEYWORD1>
		<KEYWORD1>PROFICIENCY</KEYWORD1>
		<KEYWORD1>PROJECTILE</KEYWORD1>
		<KEYWORD1>QTY</KEYWORD1>
		<KEYWORD1>QUALIFY</KEYWORD1>
		<KEYWORD1>RACENAME</KEYWORD1>
		<KEYWORD1>RACIAL</KEYWORD1>
		<KEYWORD1>RANGE</KEYWORD1>
		<KEYWORD1>RANGEMULT</KEYWORD1>
		<KEYWORD1>RANK</KEYWORD1>
		<KEYWORD1>REACH</KEYWORD1>
		<KEYWORD1>REGION</KEYWORD1>
		<KEYWORD1>REMOVABLE</KEYWORD1>
		<KEYWORD1>REPLACES</KEYWORD1>
		<KEYWORD1>ROOT</KEYWORD1>
		<KEYWORD1>SA</KEYWORD1>
		<KEYWORD1>SAVEINFO</KEYWORD1>
		<KEYWORD1>SCHOOL</KEYWORD1>
		<KEYWORD1>SCHOOLS</KEYWORD1>
		<KEYWORD1>SECONDARYATTACKS</KEYWORD1>
		<KEYWORD1>SEX</KEYWORD1>
		<KEYWORD1>SHIELDACCHECK</KEYWORD1>
		<KEYWORD1>SHIELDPROF</KEYWORD1>
		<KEYWORD1>SHORTRANGE</KEYWORD1>
		<KEYWORD1>SIMPLE</KEYWORD1>
		<KEYWORD1>SIZE</KEYWORD1>
		<KEYWORD1>SKILLMULT</KEYWORD1>
		<KEYWORD1>SKILLRANK</KEYWORD1>
		<KEYWORD1>SKILLSNAMED</KEYWORD1>
		<KEYWORD1>SKILLTOOL</KEYWORD1>
		<KEYWORD1>SKINTONE</KEYWORD1>
		<KEYWORD1>SOURCELONG</KEYWORD1>
		<KEYWORD1>SOURCEPAGE</KEYWORD1>
		<KEYWORD1>SOURCESHORT</KEYWORD1>
		<KEYWORD1>SOURCEWEB</KEYWORD1>
		<KEYWORD1>SPECIALTYKNOWN</KEYWORD1>
		<KEYWORD1>SPELL</KEYWORD1>
		<KEYWORD1>SPELLBOOK</KEYWORD1>
		<KEYWORD1>SPELLFAILURE</KEYWORD1>
		<KEYWORD1>SPELLLIST</KEYWORD1>
		<KEYWORD1>SPELLRES</KEYWORD1>
		<KEYWORD1>SPELLS</KEYWORD1>
		<KEYWORD1>SPELLSTAT</KEYWORD1>
		<KEYWORD1>SPELLTYPE</KEYWORD1>
		<KEYWORD1>SPROP</KEYWORD1>
		<KEYWORD1>SR</KEYWORD1>
		<KEYWORD1>STARTFEATS</KEYWORD1>
		<KEYWORD1>STARTPACK</KEYWORD1>
		<KEYWORD1>STARTSKILLPTS</KEYWORD1>
		<KEYWORD1>STRMAXDEX</KEYWORD1>
		<KEYWORD1>SUBCLASS</KEYWORD1>
		<KEYWORD1>SUBRACE</KEYWORD1>
		<KEYWORD1>SUBSCHOOL</KEYWORD1>
		<KEYWORD1>SWITCHRACE</KEYWORD1>
		<KEYWORD1>SYMBOL</KEYWORD1>
		<KEYWORD1>TARGETAREA</KEYWORD1>
		<KEYWORD1>TEMPLATE</KEYWORD1>
		<KEYWORD1>THROWN</KEYWORD1>
		<KEYWORD1>TOHIT-PRIMARY</KEYWORD1>
		<KEYWORD1>TOHIT-SECONDARY</KEYWORD1>
		<KEYWORD1>TOHIT-SHORTRANGE</KEYWORD1>
		<KEYWORD1>TOHIT</KEYWORD1>
		<KEYWORD1>TOTALWT</KEYWORD1>
		<KEYWORD1>TYPE</KEYWORD1>
		<KEYWORD1>UDAM</KEYWORD1>
		<KEYWORD1>UNENCUMBEREDMOVE</KEYWORD1>
		<KEYWORD1>USEUNTRAINED</KEYWORD1>
		<KEYWORD1>VFEAT</KEYWORD1>
		<KEYWORD1>VISIBLE</KEYWORD1>
		<KEYWORD1>VISION</KEYWORD1>
		<KEYWORD1>WEAPON</KEYWORD1>
		<KEYWORD1>WEAPONAUTO</KEYWORD1>
		<KEYWORD1>WEAPONBONUS</KEYWORD1>
		<KEYWORD1>WT</KEYWORD1>
		<KEYWORD1>WTDIEROLL</KEYWORD1>
		<KEYWORD1>XPCOST</KEYWORD1>
		<KEYWORD1>XTRASKILLPTSPERLVL</KEYWORD1>
		<KEYWORD2>CHOOSE</KEYWORD2>
		<KEYWORD2>CLEAR</KEYWORD2>
		<KEYWORD2>COMBAT</KEYWORD2>
		<KEYWORD2>COPY</KEYWORD2>
		<KEYWORD2>DISPLAY</KEYWORD2>
		<KEYWORD2>EQM</KEYWORD2>
		<KEYWORD2>EQMODTYPE</KEYWORD2>
		<KEYWORD2>EQMWEAPON</KEYWORD2>
		<KEYWORD2>EXPORT</KEYWORD2>
		<KEYWORD2>FEATLIST</KEYWORD2>
		<KEYWORD2>FORGET</KEYWORD2>
		<KEYWORD2>LIST</KEYWORD2>
		<KEYWORD2>LOCK</KEYWORD2>
		<KEYWORD2>MOD</KEYWORD2>
		<KEYWORD2>REPLACE</KEYWORD2>
		<KEYWORD2>SKILL</KEYWORD2>
		<KEYWORD2>SPELLCASTER</KEYWORD2>
		<KEYWORD2>STACK</KEYWORD2>
		<KEYWORD2>STAT</KEYWORD2>
		<KEYWORD2>VAR</KEYWORD2>
		<KEYWORD2>WEAPONPROF</KEYWORD2>
		<KEYWORD2>WEAPONPROFS</KEYWORD2>
		<KEYWORD3>AC</KEYWORD3>
		<KEYWORD3>BAB</KEYWORD3>
		<KEYWORD3>CHA</KEYWORD3>
		<KEYWORD3>CON</KEYWORD3>
		<KEYWORD3>DEX</KEYWORD3>
		<KEYWORD3>EQMARMOR</KEYWORD3>
		<KEYWORD3>Fortitude</KEYWORD3>
		<KEYWORD3>INT</KEYWORD3>
		<KEYWORD3>NUMBER</KEYWORD3>
		<KEYWORD3>PER</KEYWORD3>
		<KEYWORD3>RANGEADD</KEYWORD3>
		<KEYWORD3>Reflex</KEYWORD3>
		<KEYWORD3>STR</KEYWORD3>
		<KEYWORD3>WEIGHTADD</KEYWORD3>
		<KEYWORD3>WIS</KEYWORD3>
		<KEYWORD3>Willpower</KEYWORD3>
		<KEYWORD4>ANY</KEYWORD4>
		<KEYWORD4>NO</KEYWORD4>
		<KEYWORD4>YES</KEYWORD4>
	    </KEYWORDS>
    </RULES>
</MODE>
