<?xml version="1.0"?>

<!DOCTYPE MODE SYSTEM "xmode.dtd">

<!-- PCGen PCG file mode by Ivan A. Finzen IV-->
<MODE>
    <PROPS>
        <PROPERTY NAME="lineComment" VALUE="#" />
    </PROPS>

    <RULES IGNORE_CASE="FALSE" HIGHLIGHT_DIGITS="TRUE">
    	<EOL_SPAN TYPE="COMMENT1">#</EOL_SPAN>
        <KEYWORDS>
		<!-- This includes all keywords for PCG files. -->
		<KEYWORD1>AGE</KEYWORD1>
		<KEYWORD1>AGESET</KEYWORD1>
		<KEYWORD1>ALIGN</KEYWORD1>
		<KEYWORD1>ALIGNALLOW</KEYWORD1>
		<KEYWORD1>ASSOCIATEDDATA</KEYWORD1>
		<KEYWORD1>AUTOSORTGEAR</KEYWORD1>
		<KEYWORD1>AUTOSORTSKILLS</KEYWORD1>
		<KEYWORD1>AUTOSPELLS</KEYWORD1>
		<KEYWORD1>BASEITEM</KEYWORD1>
		<KEYWORD1>BIRTHPLACE</KEYWORD1>
		<KEYWORD1>BOOK</KEYWORD1>
		<KEYWORD1>CALCEQUIPSET</KEYWORD1>
		<KEYWORD1>CAMPAIGN</KEYWORD1>
		<KEYWORD1>CANCASTPERDAY</KEYWORD1>
		<KEYWORD1>CARRIED</KEYWORD1>
		<KEYWORD1>CATCHPHRASE</KEYWORD1>
		<KEYWORD1>CHARACTERASSET</KEYWORD1>
		<KEYWORD1>CHARACTERBIO</KEYWORD1>
		<KEYWORD1>CHARACTERCOMP</KEYWORD1>
		<KEYWORD1>CHARACTERDESC</KEYWORD1>
		<KEYWORD1>CHARACTERMAGIC</KEYWORD1>
		<KEYWORD1>CHARACTERNAME</KEYWORD1>
		<KEYWORD1>CITY</KEYWORD1>
		<KEYWORD1>CLASS</KEYWORD1>
		<KEYWORD1>CLASS</KEYWORD1>
		<KEYWORD1>CLASSABILITIESLEVEL</KEYWORD1>
		<KEYWORD1>CLASSBOUGHT</KEYWORD1>
		<KEYWORD1>CLASSSKILL</KEYWORD1>
		<KEYWORD1>CONTAINS</KEYWORD1>
		<KEYWORD1>COST</KEYWORD1>
		<KEYWORD1>CUSTOMIZATION</KEYWORD1>
		<KEYWORD1>DEITY</KEYWORD1>
		<KEYWORD1>DEITYALIGN</KEYWORD1>
		<KEYWORD1>DEITYDOMAINS</KEYWORD1>
		<KEYWORD1>DEITYFAVWEAP</KEYWORD1>
		<KEYWORD1>DOMAIN</KEYWORD1>
		<KEYWORD1>DOMAINGRANTS</KEYWORD1>
		<KEYWORD1>EQMOD</KEYWORD1>
		<KEYWORD1>EQUIPNAME</KEYWORD1>
		<KEYWORD1>EQUIPPED</KEYWORD1>
		<KEYWORD1>EQUIPSET</KEYWORD1>
		<KEYWORD1>EXPERIENCE</KEYWORD1>
		<KEYWORD1>EYECOLOR</KEYWORD1>
		<KEYWORD1>FEAT</KEYWORD1>
		<KEYWORD1>FEATPOOL</KEYWORD1>
		<KEYWORD1>FEATSELECT</KEYWORD1>
		<KEYWORD1>GAMEMODE</KEYWORD1>
		<KEYWORD1>GENDER</KEYWORD1>
		<KEYWORD1>HAIRCOLOR</KEYWORD1>
		<KEYWORD1>HAIRSTYLE</KEYWORD1>
		<KEYWORD1>HANDED</KEYWORD1>
		<KEYWORD1>HEIGHT</KEYWORD1>
		<KEYWORD1>HOLYITEM</KEYWORD1>
		<KEYWORD1>ID</KEYWORD1>
		<KEYWORD1>INTERESTS</KEYWORD1>
		<KEYWORD1>LANGUAGE</KEYWORD1>
		<KEYWORD1>LEVEL</KEYWORD1>
		<KEYWORD1>LOADCOMPANIONS</KEYWORD1>
		<KEYWORD1>LOCATION</KEYWORD1>
		<KEYWORD1>LOCATION</KEYWORD1>
		<KEYWORD1>MONEY</KEYWORD1>
		<KEYWORD1>NOTE</KEYWORD1>
		<KEYWORD1>OUTPUTORDER</KEYWORD1>
		<KEYWORD1>OUTPUTORDER</KEYWORD1>
		<KEYWORD1>PARENTID</KEYWORD1>
		<KEYWORD1>PCGVERSION</KEYWORD1>
		<KEYWORD1>PERSONALITYTRAIT1</KEYWORD1>
		<KEYWORD1>PERSONALITYTRAIT2</KEYWORD1>
		<KEYWORD1>PHOBIAS</KEYWORD1>
		<KEYWORD1>PLAYERNAME</KEYWORD1>
		<KEYWORD1>POOLPOINTS</KEYWORD1>
		<KEYWORD1>PORTRAIT</KEYWORD1>
		<KEYWORD1>PROHIBITED</KEYWORD1>
		<KEYWORD1>PURCHASEPOINTS</KEYWORD1>
		<KEYWORD1>QUANTITY</KEYWORD1>
		<KEYWORD1>RACE</KEYWORD1>
		<KEYWORD1>RANKS</KEYWORD1>
		<KEYWORD1>REGION</KEYWORD1>
		<KEYWORD1>ROLLMETHOD</KEYWORD1>
		<KEYWORD1>SAVE</KEYWORD1>
		<KEYWORD1>SAVES</KEYWORD1>
		<KEYWORD1>SKILL</KEYWORD1>
		<KEYWORD1>SKILLPOOL</KEYWORD1>
		<KEYWORD1>SKILLSOUTPUTORDER</KEYWORD1>
		<KEYWORD1>SKINCOLOR</KEYWORD1>
		<KEYWORD1>SOURCE</KEYWORD1>
		<KEYWORD1>SPECIALTIES</KEYWORD1>
		<KEYWORD1>SPECIALTY</KEYWORD1>
		<KEYWORD1>SPEECHPATTERN</KEYWORD1>
		<KEYWORD1>SPELLBASE</KEYWORD1>
		<KEYWORD1>SPELLLEVEL</KEYWORD1>
		<KEYWORD1>SPELLLIST</KEYWORD1>
		<KEYWORD1>SPELLNAME</KEYWORD1>
		<KEYWORD1>STAT</KEYWORD1>
		<KEYWORD1>SUBCLASS</KEYWORD1>
		<KEYWORD1>TABLABEL</KEYWORD1>
		<KEYWORD1>TABNAME</KEYWORD1>
		<KEYWORD1>TEMPLATESAPPLIED</KEYWORD1>
		<KEYWORD1>TIMES</KEYWORD1>
		<KEYWORD1>TOTALWT</KEYWORD1>
		<KEYWORD1>USETEMPMODS</KEYWORD1>
		<KEYWORD1>VALUE</KEYWORD1>
		<KEYWORD1>VERSION</KEYWORD1>
		<KEYWORD1>WEAPON</KEYWORD1>
		<KEYWORD1>WEAPONPROF</KEYWORD1>
		<KEYWORD1>WEIGHT</KEYWORD1>
		<KEYWORD1>WT</KEYWORD1>
		<KEYWORD2>APPLIEDTO</KEYWORD2>
		<KEYWORD2>CHA</KEYWORD2>
		<KEYWORD2>CON</KEYWORD2>
		<KEYWORD2>DATA</KEYWORD2>
		<KEYWORD2>DEX</KEYWORD2>
		<KEYWORD2>EXPRESSION</KEYWORD2>
		<KEYWORD2>HITPOINTS</KEYWORD2>
		<KEYWORD2>INT</KEYWORD2>
		<KEYWORD2>NAME</KEYWORD2>
		<KEYWORD2>PER</KEYWORD2>
		<KEYWORD2>SKILLSGAINED</KEYWORD2>
		<KEYWORD2>SPECIALABILITIES</KEYWORD2>
		<KEYWORD2>STR</KEYWORD2>
		<KEYWORD2>TYPE</KEYWORD2>
		<KEYWORD2>WIS</KEYWORD2>
		<KEYWORD3>MULTISELECT</KEYWORD3>
		<KEYWORD3>SCORE</KEYWORD3>
		<KEYWORD4>DESC</KEYWORD4>
		<KEYWORD4>PRESTAT</KEYWORD4>
        </KEYWORDS>
    </RULES>
</MODE>
