<?xml version="1.0"?>

<!DOCTYPE MODE SYSTEM "xmode.dtd">

<!-- PCGen PCC file mode by Ivan A. Finzen IV-->
<MODE>
    <PROPS>
        <PROPERTY NAME="lineComment" VALUE="#" />
    </PROPS>

    <RULES IGNORE_CASE="FALSE" HIGHLIGHT_DIGITS="TRUE">
    	<EOL_SPAN TYPE="COMMENT1">#</EOL_SPAN>
        <KEYWORDS>
          <!-- This includes all keywords for PCC files. -->
	    <KEYWORD1>BIOSET</KEYWORD1>
	    <KEYWORD1>BOOKTYPE</KEYWORD1>
	    <KEYWORD1>CAMPAIGN</KEYWORD1>
	    <KEYWORD1>CLASS</KEYWORD1>
	    <KEYWORD1>CLASSSKILL</KEYWORD1>
	    <KEYWORD1>CLASSSPELL</KEYWORD1>
	    <KEYWORD1>COMPANIONMOD</KEYWORD1>
	    <KEYWORD1>COPYRIGHT</KEYWORD1>
	    <KEYWORD1>DEITY</KEYWORD1>
	    <KEYWORD1>DOMAIN</KEYWORD1>
	    <KEYWORD1>EQUIPMENT</KEYWORD1>
	    <KEYWORD1>EQUIPMOD</KEYWORD1>
	    <KEYWORD1>EXCLUDE</KEYWORD1>
	    <KEYWORD1>FEAT</KEYWORD1>
	    <KEYWORD1>GAME</KEYWORD1>
	    <KEYWORD1>GAMEMODE</KEYWORD1>
	    <KEYWORD1>GENRE</KEYWORD1>
	    <KEYWORD1>INCLUDE</KEYWORD1>
	    <KEYWORD1>INFOTEXT</KEYWORD1>
	    <KEYWORD1>ISD20</KEYWORD1>
	    <KEYWORD1>ISLICENSED</KEYWORD1>
	    <KEYWORD1>ISOGL</KEYWORD1>
	    <KEYWORD1>KIT</KEYWORD1>
	    <KEYWORD1>LANGUAGE</KEYWORD1>
	    <KEYWORD1>LICENSE</KEYWORD1>
	    <KEYWORD1>LSTEXCLUDE</KEYWORD1>
	    <KEYWORD1>OPTION</KEYWORD1>
	    <KEYWORD1>PCC</KEYWORD1>
	    <KEYWORD1>PUBNAMELONG</KEYWORD1>
	    <KEYWORD1>PUBNAMESHORT</KEYWORD1>
	    <KEYWORD1>PUBNAMEWEB</KEYWORD1>
	    <KEYWORD1>RACE</KEYWORD1>
	    <KEYWORD1>RANK</KEYWORD1>
	    <KEYWORD1>SETTING</KEYWORD1>
	    <KEYWORD1>SHOWINMENU</KEYWORD1>
	    <KEYWORD1>SKILL</KEYWORD1>
	    <KEYWORD1>SOURCE</KEYWORD1>
	    <KEYWORD1>SOURCELONG</KEYWORD1>
	    <KEYWORD1>SOURCESHORT</KEYWORD1>
	    <KEYWORD1>SOURCEWEB</KEYWORD1>
	    <KEYWORD1>SPELL</KEYWORD1>
	    <KEYWORD1>TEMPLATE</KEYWORD1>
	    <KEYWORD1>TYPE</KEYWORD1>
	    <KEYWORD1>WEAPONPROF</KEYWORD1>
        </KEYWORDS>
    </RULES>
</MODE>
