<?xml version="1.0"?>

<!DOCTYPE MODE SYSTEM "xmode.dtd">

<!-- PCGen NAM file mode by Ivan A. Finzen IV-->
<MODE>
    <PROPS>
        <PROPERTY NAME="lineComment" VALUE="#" />
    </PROPS>

	<RULES IGNORE_CASE="FALSE" HIGHLIGHT_DIGITS="TRUE">
		<EOL_SPAN TYPE="COMMENT1">#</EOL_SPAN>
	

		<KEYWORDS>
			<!-- This includes all keywords for NAM files. -->
			<KEYWORD1>RULES</KEYWORD1>
			<KEYWORD2>FULL</KEYWORD2>
			<KEYWORD2>GIVEN</KEYWORD2>
			<KEYWORD2>SYL1</KEYWORD2>
			<KEYWORD2>SYL2</KEYWORD2>
			<KEYWORD2>SYL3</KEYWORD2>
			<KEYWORD2>SYL4</KEYWORD2>
			<KEYWORD2>SYL5</KEYWORD2>
			<KEYWORD3>PREGENDER</KEYWORD3>
			<KEYWORD3>PRERACE</KEYWORD3>
			<KEYWORD4>PRE</KEYWORD4>
		</KEYWORDS>
	</RULES>
</MODE>
